{"Hand": {"gaussian-AMB-end_pos": [[1888.2222222222222, 1996.6666666666667, 1757.888888888889, 2040.3333333333333, 1976.5555555555557, 2040.6666666666667, 2020.3333333333333, 2041.0, 2039.111111111111, 2038.4444444444443, 2034.111111111111, 2040.7777777777778, 2039.7777777777778, 2040.7777777777778, 2010.2222222222222, 2037.4444444444443, 1469.7777777777778, 1949.0, 2026.0, 2030.888888888889], [15000, 30000, 10000, 80000, 25000, 85000, 40000, 100000, 70000, 65000, 55000, 95000, 75000, 90000, 35000, 60000, 5000, 20000, 45000, 50000], [9, 9, 9, 9, 9, 9, 9, 9, 9, 9, 9, 9, 9, 9, 9, 9, 9, 9, 9, 9]], "full-AMB-end_pos": [[2034.5555555555557, 2040.111111111111, 2040.2222222222222, 1990.7777777777778, 2038.111111111111, 2018.0, 2032.0, 2037.4444444444443, 1482.111111111111, 2024.7777777777778, 2039.7777777777778, 2040.5555555555557, 1744.2222222222222, 2028.7777777777778, 1929.111111111111, 2007.888888888889, 1966.7777777777778, 2040.3333333333333, 1867.3333333333333, 2038.6666666666667], [60000, 85000, 90000, 30000, 70000, 40000, 55000, 65000, 5000, 45000, 80000, 100000, 10000, 50000, 20000, 35000, 25000, 95000, 15000, 75000], [9, 9, 9, 9, 9, 9, 9, 9, 9, 9, 9, 9, 9, 9, 9, 9, 9, 9, 9, 9]], "refactored-curiosity-polynomial+sbx-batch_100-end": [[1997.0, 1966.0, 1993.0, 2028.0, 1939.0, 1991.0, 1998.0, 2030.0, 2015.0, 2021.0], [50000, 20000, 40000, 90000, 10000, 30000, 60000, 100000, 70000, 80000], [1, 1, 1, 1, 1, 1, 1, 1, 1, 1]], "refactored-curiosity-gaussian-batch_100-end": [[1830.0, 1774.0, 1848.0, 1994.0, 1957.0, 1988.0, 1998.0, 1428.0, 1918.0, 1978.0], [30000, 20000, 40000, 90000, 60000, 80000, 100000, 10000, 50000, 70000], [1, 1, 1, 1, 1, 1, 1, 1, 1, 1]], "refactored-curiosity-polynomial-batch_100-end": [[2034.0, 2034.0, 2035.0, 2029.0, 2025.0, 2034.0, 1967.0, 2015.0, 2032.0, 2027.0], [70000, 90000, 100000, 50000, 30000, 80000, 10000, 20000, 60000, 40000], [1, 1, 1, 1, 1, 1, 1, 1, 1, 1]]}, "Magnetic Stick": {"gaussian-AMB-end_pos": [[1282.6666666666667, 2186.222222222222, 784.0, 4066.5555555555557, 1979.6666666666667, 4136.555555555556, 2667.777777777778, 4258.666666666667, 3862.777777777778, 3759.1111111111113, 3387.6666666666665, 4222.0, 3949.5555555555557, 4183.444444444444, 2424.5555555555557, 3616.222222222222, 161.66666666666666, 1671.0, 2862.222222222222, 3037.3333333333335], [15000, 30000, 10000, 80000, 25000, 85000, 40000, 100000, 70000, 65000, 55000, 95000, 75000, 90000, 35000, 60000, 5000, 20000, 45000, 50000], [9, 9, 9, 9, 9, 9, 9, 9, 9, 9, 9, 9, 9, 9, 9, 9, 9, 9, 9, 9]], "full-AMB-end_pos": [[933.8888888888889, 1210.111111111111, 1260.5555555555557, 458.1111111111111, 1043.888888888889, 644.5555555555555, 868.3333333333334, 990.6666666666666, 22.444444444444443, 729.6666666666666, 1151.6666666666667, 1364.5555555555557, 96.55555555555556, 808.0, 253.11111111111111, 555.0, 354.22222222222223, 1312.3333333333333, 174.11111111111111, 1095.888888888889], [60000, 85000, 90000, 30000, 70000, 40000, 55000, 65000, 5000, 45000, 80000, 100000, 10000, 50000, 20000, 35000, 25000, 95000, 15000, 75000], [9, 9, 9, 9, 9, 9, 9, 9, 9, 9, 9, 9, 9, 9, 9, 9, 9, 9, 9, 9]], "refactored-curiosity-polynomial+sbx-batch_100-end": [[4063.0, 3161.0, 4054.0, 4495.0, 704.0, 3947.0, 4159.0, 4505.0, 4368.0, 4465.0], [50000, 20000, 40000, 90000, 10000, 30000, 60000, 100000, 70000, 80000], [1, 1, 1, 1, 1, 1, 1, 1, 1, 1]], "refactored-curiosity-gaussian-batch_100-end": [[0.0, 0.0, 0.0, 0.0, 0.0, 0.0, 0.0, 0.0, 0.0, 0.0], [30000, 20000, 40000, 90000, 60000, 80000, 100000, 10000, 50000, 70000], [1, 1, 1, 1, 1, 1, 1, 1, 1, 1]], "refactored-curiosity-polynomial-batch_100-end": [[3087.0, 3418.0, 3600.0, 2091.0, 1364.0, 3272.0, 64.0, 453.0, 2646.0, 1559.0], [70000, 90000, 100000, 50000, 30000, 80000, 10000, 20000, 60000, 40000], [1, 1, 1, 1, 1, 1, 1, 1, 1, 1]]}, "Velcro Stick": {"gaussian-AMB-end_pos": [[1224.2222222222222, 2050.4444444444443, 892.0, 3508.5555555555557, 1812.0, 3648.3333333333335, 2524.6666666666665, 3940.3333333333335, 3344.6666666666665, 3248.1111111111113, 2944.4444444444443, 3867.222222222222, 3428.0, 3780.0, 2326.4444444444443, 3114.4444444444443, 502.1111111111111, 1500.888888888889, 2675.8888888888887, 2818.5555555555557], [15000, 30000, 10000, 80000, 25000, 85000, 40000, 100000, 70000, 65000, 55000, 95000, 75000, 90000, 35000, 60000, 5000, 20000, 45000, 50000], [9, 9, 9, 9, 9, 9, 9, 9, 9, 9, 9, 9, 9, 9, 9, 9, 9, 9, 9, 9]], "full-AMB-end_pos": [[769.8888888888889, 1105.4444444444443, 1164.0, 381.6666666666667, 910.8888888888889, 494.6666666666667, 702.6666666666666, 840.1111111111111, 30.444444444444443, 558.8888888888889, 1043.6666666666667, 1271.4444444444443, 92.44444444444444, 626.3333333333334, 260.55555555555554, 437.0, 324.8888888888889, 1217.4444444444443, 173.66666666666666, 979.1111111111111], [60000, 85000, 90000, 30000, 70000, 40000, 55000, 65000, 5000, 45000, 80000, 100000, 10000, 50000, 20000, 35000, 25000, 95000, 15000, 75000], [9, 9, 9, 9, 9, 9, 9, 9, 9, 9, 9, 9, 9, 9, 9, 9, 9, 9, 9, 9]], "refactored-curiosity-polynomial+sbx-batch_100-end": [[3578.0, 5.0, 2278.0, 4067.0, 2.0, 9.0, 3969.0, 4122.0, 4010.0, 4013.0], [50000, 20000, 40000, 90000, 10000, 30000, 60000, 100000, 70000, 80000], [1, 1, 1, 1, 1, 1, 1, 1, 1, 1]], "refactored-curiosity-gaussian-batch_100-end": [[490.0, 75.0, 1108.0, 2448.0, 1810.0, 2253.0, 2816.0, 6.0, 1448.0, 2024.0], [30000, 20000, 40000, 90000, 60000, 80000, 100000, 10000, 50000, 70000], [1, 1, 1, 1, 1, 1, 1, 1, 1, 1]], "refactored-curiosity-polynomial-batch_100-end": [[2612.0, 3224.0, 3429.0, 2104.0, 713.0, 2941.0, 49.0, 237.0, 2384.0, 1667.0], [70000, 90000, 100000, 50000, 30000, 80000, 10000, 20000, 60000, 40000], [1, 1, 1, 1, 1, 1, 1, 1, 1, 1]]}, "Magnet": {"gaussian-AMB-end_pos": [[26.77777777777778, 569.5555555555555, 3.0, 1530.6666666666667, 428.0, 1673.2222222222222, 706.7777777777778, 1894.0, 1212.6666666666667, 1131.2222222222222, 1017.0, 1828.7777777777778, 1317.2222222222222, 1756.6666666666667, 652.1111111111111, 1077.2222222222222, 1.4444444444444444, 197.22222222222223, 823.1111111111111, 942.7777777777778], [15000, 30000, 10000, 80000, 25000, 85000, 40000, 100000, 70000, 65000, 55000, 95000, 75000, 90000, 35000, 60000, 5000, 20000, 45000, 50000], [9, 9, 9, 9, 9, 9, 9, 9, 9, 9, 9, 9, 9, 9, 9, 9, 9, 9, 9, 9]], "full-AMB-end_pos": [[3.4444444444444446, 4.666666666666667, 5.0, 2.0, 3.888888888888889, 2.3333333333333335, 3.3333333333333335, 3.5555555555555554, 1.0, 2.7777777777777777, 4.333333333333333, 5.666666666666667, 1.0, 3.111111111111111, 1.2222222222222223, 2.2222222222222223, 1.2222222222222223, 5.333333333333333, 1.1111111111111112, 4.222222222222222], [60000, 85000, 90000, 30000, 70000, 40000, 55000, 65000, 5000, 45000, 80000, 100000, 10000, 50000, 20000, 35000, 25000, 95000, 15000, 75000], [9, 9, 9, 9, 9, 9, 9, 9, 9, 9, 9, 9, 9, 9, 9, 9, 9, 9, 9, 9]], "refactored-curiosity-polynomial+sbx-batch_100-end": [[13.0, 6.0, 13.0, 3722.0, 0.0, 11.0, 13.0, 3852.0, 2071.0, 3328.0], [50000, 20000, 40000, 90000, 10000, 30000, 60000, 100000, 70000, 80000], [1, 1, 1, 1, 1, 1, 1, 1, 1, 1]], "refactored-curiosity-gaussian-batch_100-end": [[0.0, 0.0, 0.0, 0.0, 0.0, 0.0, 0.0, 0.0, 0.0, 0.0], [30000, 20000, 40000, 90000, 60000, 80000, 100000, 10000, 50000, 70000], [1, 1, 1, 1, 1, 1, 1, 1, 1, 1]], "refactored-curiosity-polynomial-batch_100-end": [[2.0, 3.0, 3.0, 0.0, 0.0, 3.0, 0.0, 0.0, 1.0, 0.0], [70000, 90000, 100000, 50000, 30000, 80000, 10000, 20000, 60000, 40000], [1, 1, 1, 1, 1, 1, 1, 1, 1, 1]]},